weight_index,episode_index,hadm_id,obj1,actions
3,36,197611.0,-0.7200000286102295,[0]
35,19,197611.0,-0.7200000286102295,[0]
20,45,197611.0,-0.7200000286102295,[0]
6,16,197611.0,-0.7200000286102295,[0]
22,11,197611.0,-0.7200000286102295,[0]
