action,obj0,obj1,obj2,n_episodes_with_action,count,fraction_of_total_action_calls
0,0.12887749762519207,-0.02804715641946563,-2.607254699032958,50,1951,0.9755
1,0.13306122288411978,0.0,-3.5370408448637747,42,49,0.0245
