,obj0,obj1,obj2
obj0,1.0,0.11181114055576069,0.4390821288511463
obj1,0.11181114055576069,1.0,-0.06575197485288052
obj2,0.4390821288511463,-0.06575197485288052,1.0
