weight_index,episode_index,hadm_id,obj2,actions
28,17,159647.0,-0.24300000071525574,[0]
15,24,159647.0,-0.24300000071525574,[0]
1,48,159647.0,-0.24300000071525574,[0]
6,47,159647.0,-0.24300000071525574,[0]
7,12,159647.0,-0.24300000071525574,[0]
