weight_index,episode_index,hadm_id,obj0,actions
0,0,131048.0,0.6800000071525574,[0]
34,18,131048.0,0.6800000071525574,[0]
1,32,131048.0,0.6800000071525574,[0]
1,29,131048.0,0.6800000071525574,[0]
14,37,131048.0,0.6800000071525574,[0]
