{
  "total_admissions": 121,
  "mean_n_drugs": 36.17355371900826,
  "mean_ddi": 49.578512396694215,
  "mean_total_se": 15138.694214876034
}